guide,target
eGFPg1,eGFP
CUL3g1,CUL3
CUL3g2,CUL3
CUL3g3,CUL3
CMTM6g1,CMTM6
CMTM6g2,CMTM6
CMTM6g3,CMTM6
NTg1,NT
NTg2,NT
NTg3,NT
NTg4,NT
NTg5,NT
NTg7,NT
PDL1g1,PDL1
PDL1g2,PDL1
PDL1g3,PDL1
ATF2g1,ATF2
ATF2g2,ATF2
ATF2g3,ATF2
ATF2g4,ATF2
BRD4g1,BRD4
BRD4g2,BRD4
BRD4g3,BRD4
BRD4g4,BRD4
CAV1g1,CAV1
CAV1g2,CAV1
CAV1g3,CAV1
CAV1g4,CAV1
CD86g1,CD86
CD86g2,CD86
CD86g3,CD86
CD86g4,CD86
ETV7g1,ETV7
ETV7g2,ETV7
ETV7g3,ETV7
ETV7g4,ETV7
IFNGR1g1,IFNGR1
IFNGR1g2,IFNGR1
IFNGR1g3,IFNGR1
IFNGR1g4,IFNGR1
IFNGR2g1,IFNGR2
IFNGR2g2,IFNGR2
IFNGR2g3,IFNGR2
IFNGR2g4,IFNGR2
IRF1g1,IRF1
IRF1g2,IRF1
IRF1g3,IRF1
IRF1g4,IRF1
IRF7g1,IRF7
IRF7g2,IRF7
IRF7g3,IRF7
IRF7g4,IRF7
JAK2g1,JAK2
JAK2g2,JAK2
JAK2g3,JAK2
JAK2g4,JAK2
MARCH8g1,MARCH8
MARCH8g2,MARCH8
MARCH8g3,MARCH8
MARCH8g4,MARCH8
MYCg1,MYC
MYCg2,MYC
MYCg3,MYC
MYCg4,MYC
NFKBIAg1,NFKBIA
NFKBIAg2,NFKBIA
NFKBIAg3,NFKBIA
NFKBIAg4,NFKBIA
PDCD1LG2g1,PDCD1LG2
PDCD1LG2g2,PDCD1LG2
PDCD1LG2g3,PDCD1LG2
PDCD1LG2g4,PDCD1LG2
POU2F2g1,POU2F2
POU2F2g2,POU2F2
POU2F2g3,POU2F2
POU2F2g4,POU2F2
SMAD4g1,SMAD4
SMAD4g2,SMAD4
SMAD4g3,SMAD4
SMAD4g4,SMAD4
SPI1g1,SPI1
SPI1g2,SPI1
SPI1g3,SPI1
SPI1g4,SPI1
STAT1g1,STAT1
STAT1g2,STAT1
STAT1g3,STAT1
STAT1g4,STAT1
STAT2g1,STAT2
STAT2g2,STAT2
STAT2g3,STAT2
STAT2g4,STAT2
STAT3g1,STAT3
STAT3g2,STAT3
STAT3g3,STAT3
STAT3g4,STAT3
STAT5Ag1,STAT5A
STAT5Ag2,STAT5A
STAT5Ag3,STAT5A
STAT5Ag4,STAT5A
TNFRSF14g1,TNFRSF14
TNFRSF14g2,TNFRSF14
TNFRSF14g3,TNFRSF14
TNFRSF14g4,TNFRSF14
UBE2L6g1,UBE2L6
UBE2L6g2,UBE2L6
UBE2L6g3,UBE2L6
UBE2L6g4,UBE2L6
NTg8,NT
NTg9,NT
NTg10,NT
